{"slot":0,"floorLayouts":[{"frontLayout":[],"backLayout":[],"leftLayout":[],"rightLayout":[0.3184722363948822,0.7602777481079102,0.8272222280502319]},{"frontLayout":[],"backLayout":[],"leftLayout":[],"rightLayout":[0.3184722363948822,0.7602777481079102,0.8272222280502319]},{"frontLayout":[],"backLayout":[],"leftLayout":[],"rightLayout":[0.3184722363948822,0.7602777481079102,0.8272222280502319]}]}